location,sub_location,site,year,cyphastrea_ocellina,fungia_scutaria,leptastrea_bottae,leptastrea_purpurea,leptoseris_incrustans,montipora_capitata,montipora_flabellata,montipora_patula,montipora_studeri,pavona_duerdeni,pavona_maldivensis,pavona_varians,pocillopora_damicornis,pocillopora_eydouxi,pocillopora_ligulata,pocillopora_meandrina,porites_brighami,Porites_cf_bernardi,porites_compressa,porites_lobata,porites_lutea,porites_monticulosa,porites_rus,psammocora_nierstraszi,psammocora_stellata,psammocora_verrilli,unknown_coral
Main_Hawaiian_Islands,Hawaii,Kaapuna_10,1999,0,0,0,0.038,0,1.153,0,0.433,0,0,0,0,0,0,0,2.49,0,0,0.025,5.694,0,0,0,0,0,0,0
Main_Hawaiian_Islands,Hawaii,Kaapuna_10,2001,0,0,0,0,0,2.771111111,0,0.487777778,0,0,0,0,0,0,0,2.31,0,0,0.073333333,6.488888889,0,0,0,0,0,0,0
Main_Hawaiian_Islands,Hawaii,Kaapuna_10,2002,0,0,0,0,0,3.282,0,0.2,0,0,0,0,0,0,0,4.893,0,0,0.4,6.227,0.24,0,0,0,0,0,0
Main_Hawaiian_Islands,Hawaii,Kaapuna_10,2012,0,0,0,0,0,3.138,0,0.229,0,0,0,0.04,0,0,0,3.248,0,0,0.579,9.147,0.433,0,0,0,0,0,0
Main_Hawaiian_Islands,Hawaii,Kaapuna_4,1999,0,0,0,0,0,0.212,0.078,0,0,0,0,0.05,0,0,0,4.653,0,0,0,2.717,0,0,0,0,0,0,0
Main_Hawaiian_Islands,Hawaii,Kaapuna_4,2001,0,0,0,0.107,0,0.446,0,0.093,0,0,0,0,0,0,0,6.793,0,0,0,3.241,0,0,0,0,0,0,0.014
Main_Hawaiian_Islands,Hawaii,Kaapuna_4,2012,0,0,0,0.2,0,1.162,0,0.464,0,0,0,0.08,0,0,0,7.852,0,0,0,5.894,0,0,0,0,0,0,0
Main_Hawaiian_Islands,Hawaii,Kawaihae_10,2001,0,0.14,0,0,0,0.029,0,0.24,0,0,0,0.345,0,0,0,0.069,0,0,25.148,6.059,0,0,0,0,0,0,0.076
Main_Hawaiian_Islands,Hawaii,Kawaihae_10,2002,0,0,0,0,0,0.04,0,0.134,0,0,0,0,0,0,0,0.267,0,0,26.481,5.533,0.013,0,0,0,0,0,0
Main_Hawaiian_Islands,Hawaii,Kawaihae_10,2012,0,0,0,0,0,0.098,0,0.224,0,0,0,0.466,0.033,0,0,0,0,0,5.846,3.356,0,0,0,0,0,0,0
Main_Hawaiian_Islands,Hawaii,Kawaihae_3,2001,0,0,0,0,0,0,0,0.195,0,1.38,0,1.964,0,0,0,0.404,0,0,9.155,7.593,0.053,0,0.013,0,0,0,0.411
Main_Hawaiian_Islands,Hawaii,Kawaihae_3,2002,0,0,0,0.04,0,0,0,0.187,0,0.706,0,0.44,0,0,0,0.467,0,0,7.481,10.055,0.253,0,0,0,0,0,0
Main_Hawaiian_Islands,Hawaii,Kawaihae_3,2012,0,0,0,0,0,0,0,0,0,0.916,0,0.477,0,0,0,1.372,0,0,0.857,8.047,0,0,0,0,0,0,0
Main_Hawaiian_Islands,Hawaii,Laaloa_10,2000,0,0,0,0,0,0.262,0,0.595,0,0,0,0,0,0,0,2.093,0,0,1.737,35.47,0.043,0,0,0,0,0,0
Main_Hawaiian_Islands,Hawaii,Laaloa_10,2002,0,0,0,0.075,0,2.304,0,0.226,0,0,0,0.027,0,0,0,2.8,0,0,0.961,31.713,0.466,0,0,0,0,0,0.025
Main_Hawaiian_Islands,Hawaii,Laaloa_10,2010,0,0,0,0,0,2.642,0,0.369,0,0,0,0.206,0,0,0,2.337,0,0,2.786,46.384,0.506,0,0,0,0,0,0
Main_Hawaiian_Islands,Hawaii,Laaloa_10,2012,0,0,0,0,0,3.418,0,0.254,0,0,0,0.128,0,0,0,1.401,0,0,3.554,50.626,1.473,0,0,0,0,0,0
Main_Hawaiian_Islands,Hawaii,Laaloa_3,2000,0,0,0,0.298,0,0.124,0,0.648,0.213,0.107,0,0.054,0,0,0,12.448,0,0,0,17.476,0.013,0,0,0,0,0,0.23
Main_Hawaiian_Islands,Hawaii,Laaloa_3,2002,0,0,0,0,0,0.117,0,0.18,0,0,0,0.213,0,0,0,10.798,0,0,0,15.798,0.013,0,0,0,0,0,0
Main_Hawaiian_Islands,Hawaii,Laaloa_3,2010,0,0,0,0.16,0,0.35,0,0.657,0,0,0,0,0,0,0,12.326,0,0,0,29.756,0,0,0,0,0,0,0
Main_Hawaiian_Islands,Hawaii,Laaloa_3,2012,0,0,0,0.04,0,0.536,0,0.175,0,0,0,0.21,0,0,0,8.839,0,0,0.04,40.847,0.073,0,0,0,0,0,0
Main_Hawaiian_Islands,Hawaii,Laupahoehoe_10,2000,0,0,0,0,0,0,0.98,2.121,0,0,0,0,0,0,0,0.432,0,0,0,6.249,0.32,0,0,0,0,0,0
Main_Hawaiian_Islands,Hawaii,Laupahoehoe_10,2002,0,0,0,0,0,0.413,0.147,1.866,0,0,0,0,0,0,0,0.773,0,0,0,4,0,0,0,0,0,0,0
Main_Hawaiian_Islands,Hawaii,Laupahoehoe_10,2012,0,0,0,0,0,0.889,3.749,3.539,0,0,0,0,0,0,0,1.958,0,0,0,4.174,0,0,0,0,0,0,0
Main_Hawaiian_Islands,Hawaii,Laupahoehoe_3,2000,0,0,0,0,0,0.116,0.243,1.394,0,0,0,0.398,0,0,0,2.853,0,0,0.094,6.466,0.038,0,0,0,0,0,0
Main_Hawaiian_Islands,Hawaii,Laupahoehoe_3,2002,0,0,0,0,0,0.266,0.08,0.92,0,0,0,0.573,0,0.013,0,3.175,0,0,0.426,5.666,0,0,0,0,0,0,0
Main_Hawaiian_Islands,Hawaii,Laupahoehoe_3,2012,0,0,0,0,0,0.738,4.274,2.858,0,0,0,3.636,0,0,0,8.441,0,0,0,6.064,0.464,0,0,0,0,0,0
Main_Hawaiian_Islands,Hawaii,Leleiwi_10,2000,0,0,0,0,0,0.574,0.274,1.337,0,0,0,0.396,0,0,0,0.536,0,0,8.573,18.355,1.014,0,0,0,0,0,0
Main_Hawaiian_Islands,Hawaii,Leleiwi_10,2002,0,0,0,0,0,0.68,0.36,0.507,0,0,0,0.227,0,0.04,0,1.027,0,0,3.774,17.906,0,0,0,0,0,0,0
Main_Hawaiian_Islands,Hawaii,Leleiwi_10,2012,0,0,0,0,0,0.813,0.379,2.233,0,0,0,1.367,0,0,0,0.733,0,0,7.074,9.399,0,0,0,0,0,0,0
Main_Hawaiian_Islands,Hawaii,Leleiwi_3,2000,0,0,0,0,0,0.05,1.642,0.824,0,0.062,0,0.081,0,0,0,2.332,0,0,0,6.998,0.12,0,0,0,0,0,0
Main_Hawaiian_Islands,Hawaii,Leleiwi_3,2002,0,0,0,0,0,0.32,1.76,0.934,0,0,0,0,0,0,0,2.412,0,0,0,6.214,0,0,0,0,0,0,0
Main_Hawaiian_Islands,Hawaii,Leleiwi_3,2012,0.033,0,0,0.123,0,0.883,5.001,2.363,0,0,0,0.299,0,0,0,8.369,0,0,0,9.257,0,0,0,0,0,0,0
Main_Hawaiian_Islands,Hawaii,Nenue_Point_10,1999,0,0,0,0,0,0.149,0.141,0.225,0,0,0,0,0,0,0,1.307,0,0,0.634,13.246,0.047,0,0,0,0,0,0
Main_Hawaiian_Islands,Hawaii,Nenue_Point_10,2000,0,0,0,0,0,0.453,0,0.334,0,0,0,0,0,0,0,1.146,0,0,2.28,13.52,1.4,0,0,0,0,0,0
Main_Hawaiian_Islands,Hawaii,Nenue_Point_10,2002,0,0,0,0,0,0.82,0,0.174,0,0,0,0,0,0,0,2.253,0,0,1.603,14.797,1.128,0,0,0,0,0,0
Main_Hawaiian_Islands,Hawaii,Nenue_Point_10,2010,0,0,0,0,0,3.041,0,0.284,0,0,0,0.04,0,0,0,1.985,0,0,3.686,21.112,0.253,0,0,0,0,0,0
Main_Hawaiian_Islands,Hawaii,Nenue_Point_10,2012,0,0,0,0,0,2.719,0,0.109,0,0,0,0.1,0,0,0,1.815,0,0,4.025,20.653,2.386,0,0,0,0,0,0
Main_Hawaiian_Islands,Hawaii,Nenue_Point_5,1999,0,0,0,0,0,0.014,0.031,0.382,0,0,0,0,0,0,0,1.758,0.014,0,0,5.357,0,0,0,0,0,0,0.085
Main_Hawaiian_Islands,Hawaii,Nenue_Point_5,2000,0,0,0,0.118888889,0,0.547777778,0,1.022222222,0,0,0,0.044444444,0,0,0,1.912222222,0,0,0.058888889,6.577777778,0,0,0,0,0,0,0
Main_Hawaiian_Islands,Hawaii,Nenue_Point_5,2002,0,0,0,0.48,0,0.733,0,0.879,0,0,0,0,0,0,0,1.626,0,0,0,8.412,0,0,0,0,0,0,0.013
Main_Hawaiian_Islands,Hawaii,Nenue_Point_5,2010,0,0,0,0.089,0,4.143,0,1.779,0.229,0,0,0,0,0,0,2.451,0,0,0.031,12.892,0.036,0,0,0,0,0,0
Main_Hawaiian_Islands,Hawaii,Nenue_Point_5,2012,0,0,0,0,0,3.9,0,0.535,0,0,0,0,0,0,0,2.27,0,0,0,19.225,0.067,0,0,0,0,0,0
Main_Hawaiian_Islands,Kauai,Hanalei_3,1999,0,0,0,0,0,0.09,7.975,5.761,0,0.009,0,0.102,0.075,0,0,0.663,0,0,0.494,0.977,0,0,0,0,0,0,0
Main_Hawaiian_Islands,Kauai,Hanalei_3,2000,0,0,0,0,0,0.04,16.104,6.159,0,0,0,0,0.013,0,0,1.04,0,0,0.639,1.582,0,0,0,0,0,0,0
Main_Hawaiian_Islands,Kauai,Hanalei_3,2002,0,0,0,0,0,0.24,10.36,3.013,0,0.053,0,0.013,0,0,0,0.961,0,0,0.64,1.719,0,0,0,0,0,0,0
Main_Hawaiian_Islands,Kauai,Hanalei_3,2003,0,0,0,0,0,0.08,9.46,3.356,0,0.069,0.04,0.667,0,0,0.053,0.749,0,0,0.624,1.798,0,0,0,0,0,0,0
Main_Hawaiian_Islands,Kauai,Hanalei_3,2004,0.024,0,0,0,0,0.107,2.778,1.611,0,0.098,0.024,0.091,0,0,0,0.62,0,0.024,0.388,1.1,0,0,0,0,0,0,0
Main_Hawaiian_Islands,Kauai,Hanalei_3,2005,0,0,0,0,0,0.06,2.179,1.512,0,0,0,0.04,0,0,0.073,0.487,0,0,0.165,0.958,0,0,0,0,0,0,0
Main_Hawaiian_Islands,Kauai,Hanalei_3,2007,0,0,0,0,0,0,2.057,1.912,0,0.04,0,0.099,0,0,0,0.782,0,0,0.31,0.726,0,0,0,0,0,0,0
Main_Hawaiian_Islands,Kauai,Hanalei_3,2008,0,0.019,0,0,0,0,1.849,1.4,0,0.074,0,0.062,0,0.017,0,1.153,0,0,0.307,0.996,0,0,0,0,0,0,0
Main_Hawaiian_Islands,Kauai,Hanalei_3,2009,0,0,0,0,0,0.274,1.693,2.894,0,0.061,0,0.066,0.04,0,0,1.447,0,0,0.315,0.947,0,0,0,0,0,0,0
Main_Hawaiian_Islands,Kauai,Hanalei_3,2012,0,0,0,0,0,0,3.568,1.244,0,0,0,0,0,0,0,0.927,0,0,0.447,0.975,0,0,0,0,0,0,0
Main_Hawaiian_Islands,Kauai,Hanalei_8,1999,0,0,0,0,0,2.363,0.091,22.032,0,0,0,0.025,0,0,0,0.533,0,0,0.778,2.264,0,0,0,0,0,0,0
Main_Hawaiian_Islands,Kauai,Hanalei_8,2000,0,0.028888889,0,0,0,1.563333333,0.31,24.03222222,0,0,0,0.074444444,0,0,0,0.796666667,0,0,1.036666667,2.496666667,0,0,0,0,0,0,0
Main_Hawaiian_Islands,Kauai,Hanalei_8,2002,0,0,0,0,0,2.76,0.107,19.492,0,0,0,0.066,0,0.427,0,0.374,0,0,0.667,2.105,0,0,0,0,0,0,0
Main_Hawaiian_Islands,Kauai,Hanalei_8,2003,0,0,0,0,0,3.567,0.305,25.703,0.027,0.098,0,1.687,0,0.086,0,0.654,0,0,0.99,3.303,0,0,0,0,0,0,0
Main_Hawaiian_Islands,Kauai,Hanalei_8,2004,0,0,0,0,0,2.643,0.15,22.727,0,0.035,0,0.263,0,0,0,0.371,0,0,0.508,1.812,0,0,0,0,0,0,0
Main_Hawaiian_Islands,Kauai,Hanalei_8,2005,0,0,0,0,0,2.564,0.16,22.162,0,0.145,0,0.372,0,0,0,0.93,0,0,0.445,2.522,0,0,0,0,0,0,0
Main_Hawaiian_Islands,Kauai,Hanalei_8,2007,0,0,0,0,0,5.982,0.355,16.857,0,0.021,0,0.374,0,0,0,0.167,0,0,0.186,2.064,0,0,0,0,0,0,0
Main_Hawaiian_Islands,Kauai,Hanalei_8,2008,0,0,0,0,0,5.169,0.52,16.13,0,0.019,0,0.136,0,0,0,0.457,0,0,0.119,1.916,0,0,0,0,0,0,0
Main_Hawaiian_Islands,Kauai,Hanalei_8,2009,0,0.1,0,0,0,5.681,0.088,18.02,0,0.041,0,0.58,0,0,0,0.299,0,0,0.53,1.687,0,0,0,0,0,0,0
Main_Hawaiian_Islands,Kauai,Hanalei_8,2012,0,0,0,0,0,4.673,0.276,16.28,0,0.064,0,0.503,0,0,0,0.533,0,0,0.165,2.565,0,0,0,0,0,0,0
Main_Hawaiian_Islands,Kauai,Hoai_Bay_10,1999,0,0,0,0,0,0,0,0.013,0,0,0,0,0,0.267,0,2.422,0,0,0.053,0.468,0,0,0,0,0,0,0
Main_Hawaiian_Islands,Kauai,Hoai_Bay_10,2001,0,0,0,0.027,0,0.149,0.093,0.497,0,0,0,0.053,0,0,0,4.741,0.013,0,0.013,0.649,0,0,0,0,0,0,0.068
Main_Hawaiian_Islands,Kauai,Hoai_Bay_10,2002,0,0,0,0,0,0.067,0.027,0.438,0,0,0,0,0,0.187,0,3.814,0,0,0,1.12,0,0,0,0,0,0,0
Main_Hawaiian_Islands,Kauai,Hoai_Bay_10,2012,0,0,0,0.064,0,0.066,0,0.362,0,0,0,0.031,0,0.185,0,3.087,0,0,0.098,3.488,0,0,0,0,0,0,0
Main_Hawaiian_Islands,Kauai,Hoai_Bay_3,1999,0,0,0,0,0,0,0.073,0,0,0,0,0,0,0,0,0.152,0,0,2.576,7.974,0,0,0,0,0,0,0
Main_Hawaiian_Islands,Kauai,Hoai_Bay_3,2001,0,0,0,0,0,0.027,0,0.132,0,0,0,0.067,0,0,0,0.143,0,0,3.81,6.555,0,0,0,0,0,0,0.053
Main_Hawaiian_Islands,Kauai,Hoai_Bay_3,2002,0,0,0,0,0,0,0.026,0.107,0,0.027,0,0,0,0,0,0.2,0,0,4.093,6.987,0,0,0,0,0,0,0
Main_Hawaiian_Islands,Kauai,Hoai_Bay_3,2012,0,0,0,0,0,0,0.1,0.2,0,0.234,0,0.233,0,0,0,0.2,0,0,9.666,8.467,0,0,0,0,0,0,0
Main_Hawaiian_Islands,Kauai,Limahuli_1,1999,0,0,0,0,0,0.017,2.204,0.798,0,0,0,0,0,0,0,0.052,0.717,0,0.008,11.096,0,0,0,0,0,0,0
Main_Hawaiian_Islands,Kauai,Limahuli_1,2000,0,0,0,0,0,0,1.961,0.933,0,0,0,0,0,0,0,0.496,1.052,0,0.33,9.744,0,0,0,0,0,0,0
Main_Hawaiian_Islands,Kauai,Limahuli_1,2002,0,0,0,0,0,0.08,3.24,0.106,0,0,0,0,0,0,0,0.88,1.386,0,0.227,16.841,0,0,0,0,0,0,0
Main_Hawaiian_Islands,Kauai,Limahuli_1,2004,0,0,0,0,0,0.029,1.87,0.311,0,0.011,0,0,0,0,0,0.091,0.053,0,0,14.818,0,0,0,0,0,0,0
Main_Hawaiian_Islands,Kauai,Limahuli_1,2012,0,0,0,0,0,0,2.957,0.142,0,0,0,0,0,0,0,0.036,0.363,0,0,3.771,0,0,0,0,0,0,0
Main_Hawaiian_Islands,Kauai,Limahuli_10,1999,0,0,0,0,0,0.07,1.834,14.55,0,0,0,0.015,0,0,0,0.602,0.011,0,0.083,2.354,0,0,0,0,0,0,0
Main_Hawaiian_Islands,Kauai,Limahuli_10,2000,0,0,0,0,0,0.497,1.007,16.682,0,0.034,0,0.186,0,0.227,0,0.573,0,0,0.024,0.131,0,0,0,0,0,0,0
Main_Hawaiian_Islands,Kauai,Limahuli_10,2002,0,0,0,0.2,0,0.067,0.761,22.173,0.213,0.052,0,0.013,0,0.6,0,0.654,0,0,0,0.319,0,0,0,0,0,0,0
Main_Hawaiian_Islands,Kauai,Limahuli_10,2004,0,0,0,0,0,0.169,0.446,20.567,0,0.024,0,0.286,0,0,0,0.873,0,0.046,0,0.3,0,0,0,0,0,0,0
Main_Hawaiian_Islands,Kauai,Limahuli_10,2008,0,0,0,0,0,0.605,1.448,25.005,0,0.055,0,0.208,0,0,0,0.648,0,0,0,0.287,0,0,0,0,0,0,0
Main_Hawaiian_Islands,Kauai,Limahuli_10,2009,0.033,0,0,0,0,0.601,1.295,21.028,0.033,0,0,0.244,0,0,0,0.454,0,0,0.044,0.258,0,0,0,0,0,0,0
Main_Hawaiian_Islands,Kauai,Limahuli_10,2012,0.033,0,0,0,0,0.067,0.5,16.728,0,0,0,0.133,0,0,0,1.788,0,0,0,0.3,0,0,0,0,0,0,0
Main_Hawaiian_Islands,Kauai,Milolii_10,1999,0,0,0,0,0,0.093,0.04,6.846,0,2.313,0,0.812,0,0,0,0.394,0,0,0.241,3.312,0,0,0,0,0,0,0
Main_Hawaiian_Islands,Kauai,Milolii_10,2000,0,0,0,0.026666667,0,0.026666667,0.448888889,7.918888889,0.014444444,1.341111111,0,0.618888889,0,0,0,0.603333333,0.096666667,0,0.218888889,1.891111111,0,0,0,0,0,0,0
Main_Hawaiian_Islands,Kauai,Milolii_10,2002,0,0,0,0,0,0.04,0.04,8.747,0,2.602,0,1.548,0,0,0,0.813,0,0,0.12,2.493,0,0,0,0,0,0,0
Main_Hawaiian_Islands,Kauai,Milolii_10,2012,0,0,0,0,0,0.033,0.185,7.073,0,1.252,0,2.998,0,0,0,0.761,0,0.097,0.2,2.806,0,0,0,0,0,0,0
Main_Hawaiian_Islands,Kauai,Milolii_3,1999,0,0,0,0,0,0.135,0,0.272,0,1.478,0,0.192,0,0,0,0.349,0,0,0.073,1.193,0,0,0,0,0,0,0
Main_Hawaiian_Islands,Kauai,Milolii_3,2000,0,0,0,0,0,0.325555556,0,0.753333333,0.014444444,1.721111111,0,0.313333333,0,0,0,0.236666667,0.014444444,0,0.328888889,1.948888889,0,0,0,0,0,0,0
Main_Hawaiian_Islands,Kauai,Milolii_3,2002,0,0,0,0,0,0,0,0.567777778,0,1.634444444,0,0.09,0,0,0,0.044444444,0,0,0,1.797777778,0,0,0,0,0,0,0
Main_Hawaiian_Islands,Kauai,Milolii_3,2012,0,0,0,0,0,0.31,0,0.497,0,0.866,0,1.405,0,0,0,0.296,0,0.031,0,1.832,0,0,0,0,0,0,0
Main_Hawaiian_Islands,Kauai,Nualolo_Kai_10,1999,0,0,0,0,0,0,0,9.298,0,0.419,0,0.326,0,0.465,0,0.891,0,0,0.479,8.804,0,0,0,0,0,0,0.014
Main_Hawaiian_Islands,Kauai,Nualolo_Kai_10,2000,0,0,0,0,0,0.353,0.066,11.596,0,0.495,0,0.013,0,0.302,0,1.571,0,0,0.81,8.9,0,0,0,0,0,0,0
Main_Hawaiian_Islands,Kauai,Nualolo_Kai_10,2002,0,0.013,0,0.04,0,0.186,0.013,13.014,0,0.48,0,0.252,0,0,0,0.92,0,0,0.399,4.893,0,0,0,0,0,0,0
Main_Hawaiian_Islands,Kauai,Nualolo_Kai_10,2012,0,0,0,0,0,0.067,0.167,9.445,0,0.599,0,0.769,0,0,0,2.264,0,0,0.533,2.082,0,0,0,0,0,0,0
Main_Hawaiian_Islands,Kauai,Nualolo_Kai_3,1999,0,0,0,0,0,0,0.044444444,0.956666667,0,1.258888889,0,0.163333333,0,0,0,0.201111111,0,0,0.107777778,0.067777778,0,0,0,0,0,0,0.026666667
Main_Hawaiian_Islands,Kauai,Nualolo_Kai_3,2000,0,0,0,0,0,0,0.635,1.475,0.175,1.879,0,0.065,0,0,0,0.04,0.106,0,0.027,0.195,0,0,0,0,0,0,0
Main_Hawaiian_Islands,Kauai,Nualolo_Kai_3,2002,0,0,0,0,0,0.053,0.133,1.12,0,1.533,0,0.306,0,0,0,0.146,0,0,0.013,0.214,0,0,0,0,0,0,0.027
Main_Hawaiian_Islands,Kauai,Nualolo_Kai_3,2012,0,0,0,0,0,0.033,0,0.582,0,0.795,0,1.359,0,0,0,0.178,0,0,0,0,0,0,0,0,0,0,0
Main_Hawaiian_Islands,Maui,Honolua_North_3,1999,0,0,0,0.066,0,1.877,5.456,2.045,0.0095,0.2245,0,0.619,0.0065,0.007,0,1.157,0.0205,0.005,0.4975,6.0705,0,0,0,0,0,0,0
Main_Hawaiian_Islands,Maui,Honolua_North_3,2000,0.039,0,0,0.0135,0,2.2885,5.181,2.941,0.04,0.273,0,3.669,0.0065,0,0,1.047,0,0.1795,0.491,5.7405,0.0265,0,0,0.0065,0,0,0
Main_Hawaiian_Islands,Maui,Honolua_North_3,2001,0.0265,0,0,0.0605,0,2.549,5.0295,2.042,0.044,0.252,0.005,1.8635,0.005,0,0,1.3385,0.011,0.089,0.577,5.12,0.059,0,0,0.045,0,0,0
Main_Hawaiian_Islands,Maui,Honolua_North_3,2002,0.0455,0,0,0.0135,0,2.7135,5.3655,2.7045,0.0195,0.1995,0,0.924,0.02,0,0,1.473,0,0.1125,0.378,5.0315,0,0,0,0,0,0,0
Main_Hawaiian_Islands,Maui,Honolua_North_3,2003,0,0,0,0,0,1.536,6.151,1.16,0,0,0,0.08,0.0265,0,0,1.213,0,0,0.04,4.579,0,0,0.04,0,0,0,0
Main_Hawaiian_Islands,Maui,Honolua_North_3,2004,0.038,0,0,0.0445,0,2.221,5.379,2.499,0,0.0365,0,0.951,0.06,0,0.06,0.5475,0,0,0.169,4.825,0,0,0,0,0,0,0
Main_Hawaiian_Islands,Maui,Honolua_North_3,2005,0,0,0,0,0,1.84,0.26,1.14,0,0.08,0,0.46,0.18,0,0,0.92,0.04,0,0,4.2,0,0,0,0,0,0,0
Main_Hawaiian_Islands,Maui,Honolua_North_3,2006,0.02,0,0,0,0,1.44,0.04,1.1,0,0.06,0,0.68,0,0,0,1.12,0,0,0,4.76,0,0,0,0,0,0,0
Main_Hawaiian_Islands,Maui,Honolua_North_3,2007,0.4165,0,0,0,0,0.989,0.2325,1.509,0,0.04,0,0.2865,0.02,0,0,1.189,0.0865,0,0,4.1385,0.291,0,0.06,0,0,0,0
Main_Hawaiian_Islands,Maui,Honolua_North_3,2008,0.022,0,0,0.04,0,1.7835,0.0835,0.8815,0,0,0,0.4035,0,0,0,1.2585,0,0,0,3.588,0,0,0,0,0,0,0
Main_Hawaiian_Islands,Maui,Honolua_North_3,2009,0,0,0,0,0.018,0.802,0.0855,1.0355,0,0,0,0.0385,0,0,0,1.6435,0,0,0.146,3.986,0,0,0.0545,0,0,0,0
Main_Hawaiian_Islands,Maui,Honolua_North_3,2010,0,0,0,0,0,1.1285,0.3325,1.0715,0,0.123,0,0.306,0,0,0.02,1.296,0,0,0.0165,3.844,0,0,0.0165,0,0,0,0
Main_Hawaiian_Islands,Maui,Honolua_North_3,2011,0,0,0,0,0,0.581,0.5025,0.912,0,0,0,0.2595,0,0,0,1.5115,0,0,0.14,5.2125,0,0,0,0.0345,0,0,0
Main_Hawaiian_Islands,Maui,Honolua_North_3,2012,0,0,0,0.02,0,1.1025,0.5995,1.6025,0,0,0,0.237,0,0,0,1.727,0,0,0.1745,4.194,0,0,0,0.0515,0,0,0
Main_Hawaiian_Islands,Maui,Honolua_North_3,2013,0,0,0,0,0,0.6205,0.3255,1.41,0,0,0,0.0905,0,0,0,1.486,0,0,0.236,5.314,0,0,0,0,0,0,0
Main_Hawaiian_Islands,Maui,Honolua_North_3,2014,0,0,0,0.018,0,0.8525,0.5255,1.2415,0,0,0,0.4745,0,0,0,1.889,0,0,0.189,5.506,0,0,0,0.02,0,0,0
Main_Hawaiian_Islands,Maui,Kahekili_3,1999,0,0,0,0,0,4.927,0.199,2.37,0,0.046,0,0.011,0,0,0,1.966,0,0,11.025,22.835,0.139,0,0,0,0,0,0
Main_Hawaiian_Islands,Maui,Kahekili_3,2001,0,0,0,0.013,0,2.692,0,2.32,0,0.054,0,0,0,0,0,1.001,0,0,2.76,20.494,0,0,0,0,0,0.053,0.013
Main_Hawaiian_Islands,Maui,Kahekili_3,2002,0,0,0,0,0,3.321,0,2.264,0,0,0,0,0,0,0,0.658,0,0,2.961,23.324,0,0,0,0,0,0,0
Main_Hawaiian_Islands,Maui,Kahekili_3,2003,0,0,0,0,0,3.014,0,3.106,0,0,0,0.027,0,0,0,1.159,0,0,3.747,20.347,0.934,0,0,0,0,0,0
Main_Hawaiian_Islands,Maui,Kahekili_3,2004,0,0,0,0,0,4.269,0,3.924,0,0,0,0,0,0,0,0.906,0,0,1.275,24.702,0.408,0,0,0,0,0,0
Main_Hawaiian_Islands,Maui,Kahekili_3,2005,0,0,0,0,0,3.64,0,2.64,0,0,0,0,0,0,0,1.28,0,0,0,21.24,0,0,0,0,0,0,0
Main_Hawaiian_Islands,Maui,Kahekili_3,2006,0,0,0,0,0,9.32,0,2.16,0,0,0,0,0,0,0,1.48,0,0,0,24.8,0,0,0,0,0,0,0
Main_Hawaiian_Islands,Maui,Kahekili_3,2007,0,0,0,0,0,5.45,0,3.278,0,0,0,0,0.08,0,0,0.681,0,0,0,26.535,0,0,0,0,0,0,0
Main_Hawaiian_Islands,Maui,Kahekili_3,2008,0,0,0,0,0,5.531,0.912,4.21,0,0,0,0,0,0,0,1.468,0,0,2.246,25.352,0.067,0,0,0,0,0,0
Main_Hawaiian_Islands,Maui,Kahekili_3,2009,0,0,0,0,0,5.914,0.036,4.045,0,0,0,0,0,0,0,0.936,0.16,0,6.046,22.354,5.436,0,0,0,0,0,0
Main_Hawaiian_Islands,Maui,Kahekili_3,2010,0,0,0,0,0,4.994,0.036,5.346,0,0,0,0,0,0,0,1.817,0,0,6.572,23.505,0.497,0,0,0,0,0,0
Main_Hawaiian_Islands,Maui,Kahekili_3,2011,0,0,0,0,0,6.04,0.073,6.139,0,0,0,0,0,0,0,1.494,0,0,7.033,24.844,0,0,0,0,0,0,0
Main_Hawaiian_Islands,Maui,Kahekili_3,2012,0,0,0,0,0,6.643,0,4.496,0,0,0,0,0,0,0,1.294,0,0,6.986,25.058,0,0,0,0,0,0,0
Main_Hawaiian_Islands,Maui,Kahekili_3,2013,0,0,0,0,0,6.84,0,3.86,0,0,0,0,0.033,0,0,0.886,0,0,9.749,23.359,0,0,0,0,0,0,0
Main_Hawaiian_Islands,Maui,Kahekili_3,2014,0,0,0,0,0,5.4,0,3.08,0,0,0,0,0,0,0,1.28,0,0,6.24,23.52,0.16,0,0,0,0,0,0
Main_Hawaiian_Islands,Maui,Kahekili_7,1999,0,0,0,0,0,3.017,0,0.293,0,0,0,0,0,0,0,0.836,0,0,7.187,18.824,0,0,0,0,0,0,0
Main_Hawaiian_Islands,Maui,Kahekili_7,2001,0,0,0,0,0,2.641,0.013,0.386,0,0,0,0,0,0,0,0.894,0,0,1.679,15.762,0.28,0,0,0,0,0,0
Main_Hawaiian_Islands,Maui,Kahekili_7,2002,0,0,0,0,0,2.915,0,0.266,0,0,0,0,0,0,0,0.307,0,0,1.815,15.913,0,0,0,0,0,0,0
Main_Hawaiian_Islands,Maui,Kahekili_7,2003,0.013,0,0,0.013,0,3.841,0,0.801,0,0,0,0,0,0,0,0.213,0,0,2.559,16.254,1.267,0,0,0,0,0,0
Main_Hawaiian_Islands,Maui,Kahekili_7,2004,0,0,0,0,0,4.219,0,0.604,0,0,0,0,0,0,0,0.286,0,0,1.633,22.101,0.503,0,0,0,0,0,0
Main_Hawaiian_Islands,Maui,Kahekili_7,2005,0,0,0,0.08,0,3.16,0,0.8,0,0,0,0,0.04,0,0,0.32,0,0,1.12,18.76,0,0,0,0,0,0,0
Main_Hawaiian_Islands,Maui,Kahekili_7,2006,0,0,0,0,0,3.32,0,0.4,0,0,0,0,0,0,0,0.44,0,0,0.4,26.04,0,0,0,0,0,0,0
Main_Hawaiian_Islands,Maui,Kahekili_7,2007,0,0,0,0,0,4.105,0,0.8,0,0,0,0,0.04,0,0,0.32,0,0,0,26.425,0,0,0,0,0,0,0
Main_Hawaiian_Islands,Maui,Kahekili_7,2009,0,0,0,0,0,5.44,0.04,0.633,0,0,0,0.04,0,0,0,0.44,0.04,0,5.82,12.787,4.26,0,0,0,0,0,0
Main_Hawaiian_Islands,Maui,Kahekili_7,2010,0,0,0,0,0,5.395,0.036,0.833,0,0,0,0,0,0,0,0.422,0,0,6.931,16.906,0.978,0,0,0,0,0,0
Main_Hawaiian_Islands,Maui,Kahekili_7,2011,0,0,0,0,0,3.971,0,0.997,0,0,0,0.04,0,0,0,1.014,0,0,3.851,19.724,0,0,0,0,0,0,0
Main_Hawaiian_Islands,Maui,Kahekili_7,2012,0,0,0,0,0,3.956,0,0.97,0,0,0,0,0,0,0,0.607,0,0,3.884,19.492,0.109,0,0,0,0,0,0
Main_Hawaiian_Islands,Maui,Kahekili_7,2013,0,0,0,0,0,2.923,0,0.967,0,0,0,0,0,0,0,0.464,0.036,0,14.589,4.595,0,0,0,0,0,0,0
Main_Hawaiian_Islands,Maui,Kahekili_7,2014,0,0,0,0,0,2.324,0,0.76,0,0,0,0.08,0,0,0,0.595,0,0,4.96,14.871,0.934,0,0,0,0,0,0
Main_Hawaiian_Islands,Maui,Kanahena_Bay_1,1999,0,0,0,0,0,0.794,0,0.425,0,0,0,0,0.013,0,0,0.326,0,0,0.373,9.229,0,0,0,0,0,0,0.187
Main_Hawaiian_Islands,Maui,Kanahena_Bay_1,2001,0,0,0,0,0,1.372,0,0.732,0,0,0,0,0.093,0,0,0.268,0,0,0.372,10.48,0,0,0,0,0,0,0
Main_Hawaiian_Islands,Maui,Kanahena_Bay_1,2002,0,0,0,0,0,1.528,0,0.228,0,0,0,0,0.053,0,0,0.44,0,0,0.094,9.003,0.213,0,0,0,0,0,0
Main_Hawaiian_Islands,Maui,Kanahena_Bay_1,2003,0,0,0,0,0,3.56,0,1.232,0,0,0,0.027,0.08,0,0,0.244,0,0,0.013,11.826,1.86,0,0,0,0,0,0
Main_Hawaiian_Islands,Maui,Kanahena_Bay_1,2004,0,0,0,0,0,3.638,0,0.793,0,0,0,0.04,0.138,0,0,0.475,0.036,0,0.036,10.19,0.857,0,0,0,0,0,0
Main_Hawaiian_Islands,Maui,Kanahena_Bay_1,2005,0,0,0,0,0,3.24,0,1.8,0,0,0,0,0,0,0,0.36,0.24,0,0,14.52,0.32,0,0,0,0,0,0
Main_Hawaiian_Islands,Maui,Kanahena_Bay_1,2006,0,0,0,0,0,3.68,0,1.28,0,0,0,0,0,0,0,0.44,0,0,0,15.12,0.48,0,0,0,0,0,0
Main_Hawaiian_Islands,Maui,Kanahena_Bay_1,2007,0,0,0,0,0,2.167,0,0.972,0,0,0,0,0.2,0,0,0.84,0.32,0,0,16.38,0,0,0,0,0,0,0
Main_Hawaiian_Islands,Maui,Kanahena_Bay_1,2008,0,0,0,0,0,4.738,0,0,0,0,0,0.094,0,0,0,0.64,0,0,0,13.376,0,0,0,0,0,0,0
Main_Hawaiian_Islands,Maui,Kanahena_Bay_1,2010,0,0,0,0,0,2.008,0,1.295,0,0,0,0,0,0,0,0.201,0,0,0,12.454,0.133,0,0,0,0,0,0
Main_Hawaiian_Islands,Maui,Kanahena_Bay_1,2011,0,0,0,0,0,3.284,0,1.5,0,0,0,0.153,0.04,0,0,0.116,0.033,0,0.185,11.363,1.328,0,0,0,0,0,0
Main_Hawaiian_Islands,Maui,Kanahena_Bay_1,2012,0,0,0,0,0,2.747,0,1.151,0,0,0,0.04,0,0,0,0.746,0,0,0.273,12.119,0.153,0,0,0,0,0,0
Main_Hawaiian_Islands,Maui,Kanahena_Bay_1,2013,0,0,0,0,0,3.969,0,0.616,0,0,0,0,0.036,0,0,0.625,0,0,0.12,10.139,0.756,0,0,0,0,0,0
Main_Hawaiian_Islands,Maui,Kanahena_Bay_1,2014,0,0,0,0,0,4.675,0,0.627,0,0,0,0,0,0,0,0.391,0,0,0.381,11.371,0.716,0,0,0,0,0,0
Main_Hawaiian_Islands,Maui,Kanahena_Bay_3,1999,0,0,0,0,0,0,0.007,2.238,0,0.147,0.007,1.042,0,0,0,1.057,0,0,0.8115,7.1725,0,0,0,0,0,0,0.095
Main_Hawaiian_Islands,Maui,Kanahena_Bay_3,2001,0,0,0,0.02,0,0.0335,0.0335,3.0485,0,0.633,0,1.989,0,0,0,1.8035,0,0,1.545,9.47,0,0,0,0,0,0,0.0065
Main_Hawaiian_Islands,Maui,Kanahena_Bay_3,2002,0,0,0,0,0,0.2905,0.0265,2.812,0,0.36,0,1.442,0,0,0,2.109,0,0,0.553,8.3255,0.0735,0,0,0,0,0,0
Main_Hawaiian_Islands,Maui,Kanahena_Bay_3,2003,0,0.0065,0,0.0265,0,0.4,0.1265,4.427,0,0.68,0,3.3335,0,0,0,2.3865,0,0,1.954,9.58,0.913,0,0,0,0,0,0
Main_Hawaiian_Islands,Maui,Kanahena_Bay_3,2004,0.0155,0.0335,0,0,0,0.785,0.0725,4.033,0,0.2325,0,2.2665,0,0.031,0,2.8985,0,0,0.567,12.935,0,0,0.05,0,0,0,0
Main_Hawaiian_Islands,Maui,Kanahena_Bay_3,2005,0,0.02,0,0.022,0,1.8245,0,3.969,0,0.12,0,2.573,0,0,0,2.376,0,0.018,0.5,12.6365,0,0,0,0,0,0,0.02
Main_Hawaiian_Islands,Maui,Kanahena_Bay_3,2006,0,0.08,0,0,0,0.52,0,2.62,0,0,0,1.54,0,0,0.02,0.66,0,0,0.04,14.86,0,0,0.04,0,0,0,0
Main_Hawaiian_Islands,Maui,Kanahena_Bay_3,2007,0,0.018,0,0,0,1.071,0,5.665,0,0,0,0.3055,0,0,0,0.3615,0,0,2.2425,13.624,0.38,0,0.18,0,0,0,0
Main_Hawaiian_Islands,Maui,Kanahena_Bay_3,2008,0,0,0,0,0,0.198,0,0.06,0,0,0,0.2485,0,0,0,1.151,0,0.018,0.06,0.932,0,0,0,0,0,0,0
Main_Hawaiian_Islands,Maui,Kanahena_Bay_3,2009,0,0,0,0,0,0.036,0.109,0.29,0,0,0,0.458,0.073,0,0,1.155,0,0,0,0.654,0.033,0,0,0,0,0,0.033
Main_Hawaiian_Islands,Maui,Kanahena_Bay_3,2010,0,0.113,0,0,0,0.793,0,4.333,0,0,0,1.242,0,0,0,0.805,0.0665,0,0.8815,12.1685,0,0,0,0,0,0,0
Main_Hawaiian_Islands,Maui,Kanahena_Bay_3,2011,0.02,0.0165,0,0,0,0.8765,0,4.054,0,0.311,0,1.142,0,0,0,0.6515,0,0.05,2.926,10.4285,0,0,0,0,0,0,0
Main_Hawaiian_Islands,Maui,Kanahena_Bay_3,2012,0,0.0545,0,0,0,1.082,0.0765,3.6745,0,0.5325,0,1.3135,0,0,0,0.4555,0,0,2.1345,11.2255,0.08,0,0.0665,0.036,0,0,0
Main_Hawaiian_Islands,Maui,Kanahena_Bay_3,2013,0,0.018,0,0,0,0.8945,0,3.2975,0,0,0,0.795,0.018,0,0,0.6,0,0,2.3235,13.198,0,0,0,0,0,0,0
Main_Hawaiian_Islands,Maui,Kanahena_Bay_3,2014,0,0.04,0,0,0,0.7055,0.02,4.2665,0,0.3945,0.018,0.8585,0.02,0,0,0.745,0,0,4.109,11.161,0.0365,0,0,0,0,0,0
Main_Hawaiian_Islands,Maui,Kanahena_Point_10,1999,0,0,0,0,0,0.013,0.012,8.36,0,0.55,2.836,2.261,0,0,0,0.55,0,0,11.735,0.658,0,0,12.248,0,0,0,1.43
Main_Hawaiian_Islands,Maui,Kanahena_Point_10,2001,0,0,0,0,0,0.213,0,10.959,0,0.6,4.148,2.12,0,0,0,0.226,0,0,5.306,0.88,0,0,9.053,0,0,0,0.027
Main_Hawaiian_Islands,Maui,Kanahena_Point_10,2002,0,0,0,0,0,0.397,0,11.361,0,0.531,0.559,2.599,0,0,0,0.579,0,0,4.56,1.208,0,0,5.115,0,0,0,0
Main_Hawaiian_Islands,Maui,Kanahena_Point_10,2003,0,0,0.027,0,0,0.841,0.013,18.895,0,1.413,0.361,1.987,0,0,0,1.227,0,0,4.092,2.213,0,0,6.746,0,0,0,0
Main_Hawaiian_Islands,Maui,Kanahena_Point_10,2004,0.271,0,0,0,0,2.489,0.073,15.323,0,0.313,0.145,3.068,0,0.452,0,0.909,0,0,3.045,1.624,0.036,0,6.021,0,0,0,0.16
Main_Hawaiian_Islands,Maui,Kanahena_Point_10,2005,0,0,0,0.04,1.04,1.28,0,1.88,0,0,0.04,1.88,0,0,0,0,0,0,3,2.2,0,0,3.12,0,0,0,0
Main_Hawaiian_Islands,Maui,Kanahena_Point_10,2006,0,0,0,0.2,0,0.28,0,0.76,0,0,0,0.52,0,0,0,0,0,0,0.84,3.36,0,0,5.12,0,0,0,0
Main_Hawaiian_Islands,Maui,Kanahena_Point_10,2007,0,0,0,0,0,0.12,0,0.08,0,0,0,0.48,0,0,0,0,0,0,0,3.6,0,0,2.84,0,0,0,0
Main_Hawaiian_Islands,Maui,Kanahena_Point_10,2008,0.04,0,0,0.76,0.04,0.08,0,0.48,0,0.24,0,1.36,0,0,0,0,0,0,2.56,1.8,0,0,2.4,0,0,0,0
Main_Hawaiian_Islands,Maui,Kanahena_Point_10,2009,0.067,0,0,0,0,0.072,0.062,1.571,0,0.195,0.13,2.796,0,0,0,0,0,0,3.268,0.832,0,0,2.975,0.033,0,0,0.287
Main_Hawaiian_Islands,Maui,Kanahena_Point_10,2010,0,0,0,0,0,0.113,0,1.247,0,0,0,3.651,0,0,0,0,0,0,2.849,1.497,0,0,3.181,0,0,0,0
Main_Hawaiian_Islands,Maui,Kanahena_Point_10,2011,0.938,0,0,0,0,0.279,0.04,4.63,0,0.338,0,4.278,0,0.036,0,0.103,0.04,0,4.639,1.211,0,0,5.909,0,0,0,0
Main_Hawaiian_Islands,Maui,Kanahena_Point_10,2012,0.847,0,0,0,0,0.259,0,5.128,0,0.65,0.076,5.458,0,0,0,0.185,0,0,4.959,1.152,0,0,7.582,0,0,0,0
Main_Hawaiian_Islands,Maui,Kanahena_Point_10,2013,0,0,0,0,0,0.393,0.333,5.598,0,0,2.477,4.777,0,0,0,0.288,0,0,4.321,0.778,0,6.238,0,0,0,0,0
Main_Hawaiian_Islands,Maui,Kanahena_Point_10,2014,0.033,0,0,0,0,0.676,0.109,7.367,0,0.278,2.311,4.582,0.036,0,0,0.073,0,0,4.667,1.006,0.1,5.678,0,0,0,0,0
Main_Hawaiian_Islands,Maui,Maalaea_3,1999,0,0,0,0.024,0,0.511,0.759,1.358,0,0.062,0,0.03,0,0,0,1.48,0,0,0.017,17.766,0,0,0,0,0,0,0
Main_Hawaiian_Islands,Maui,Maalaea_3,2001,0,0,0,0,0,0.43,0,1.195,0,0,0,0,0,0,0,1.192,0,0,0.12,16.966,0,0,0,0,0,0,0
Main_Hawaiian_Islands,Maui,Maalaea_3,2002,0,0,0,0.04,0,0.639,0,1.069,0,0,0,0.071,0,0,0,1.597,0,0,0,15.423,0,0,0,0,0,0,0
Main_Hawaiian_Islands,Maui,Maalaea_3,2004,0,0,0,0,0,0.629,0.116,0.52,0,0,0,0.109,0,0,0,1.018,0,0,0,16.542,0,0,0,0,0,0,0.036
Main_Hawaiian_Islands,Maui,Maalaea_3,2005,0,0,0,0,0,0.04,0,0.28,0,0,0,0,0.04,0,0,1.04,0,0,0,16.2,0,0,0,0,0,0,0
Main_Hawaiian_Islands,Maui,Maalaea_3,2006,0,0,0,0,0,0,0,0,0,0,0,0,0,0,0,1.12,0,0,0,11.6,0,0,0,0,0,0,0
Main_Hawaiian_Islands,Maui,Maalaea_3,2007,0,0,0,0,0,0.072,0,0,0,0,0,0,0,0,0,1.654,0,0,0,12.18,0,0,0,0,0,0,0
Main_Hawaiian_Islands,Maui,Maalaea_3,2008,0,0,0,0,0,0,0.044,0.113,0,0,0,0,0,0,0,0.1,0,0,0,2.629,0,0,0,0,0,0,0
Main_Hawaiian_Islands,Maui,Maalaea_3,2009,0,0,0,0,0,0,0,0.044,0,0,0,0,0,0,0,1.318,0,0,0,12.463,0,0,0,0,0,0,0
Main_Hawaiian_Islands,Maui,Maalaea_3,2010,0,0,0,0,0,0,0,0.112,0,0,0,0,0,0,0,0.808,0,0,0,9.256,0,0,0,0,0,0,0
Main_Hawaiian_Islands,Maui,Maalaea_3,2011,0,0,0,0,0,0,0,0,0,0,0,0.089,0,0,0,1.818,0,0,0.133,11.204,0,0,0,0,0,0,0
Main_Hawaiian_Islands,Maui,Maalaea_3,2012,0,0,0,0,0,0,0,0.088,0,0,0,0.044,0,0,0,1.496,0,0,0.044,10.498,0.04,0,0,0,0,0,0
Main_Hawaiian_Islands,Maui,Maalaea_3,2013,0,0,0,0,0,0,0,0.149,0,0,0,0,0,0,0,0.99,0,0,0.145,12.409,0,0,0,0,0,0,0
Main_Hawaiian_Islands,Maui,Maalaea_3,2014,0,0,0,0,0,0,0,0.04,0,0,0,0,0.033,0,0,1.602,0,0,0.08,14.412,0,0,0,0,0,0,0
Main_Hawaiian_Islands,Maui,Maalaea_6,1999,0.08,0,0,0,0,3.263,0.501,3.092,0,0,0,0,0.053,0,0,0.764,0,0,0.048,5.368,0.227,0,0,0,0,0,0.012
Main_Hawaiian_Islands,Maui,Maalaea_6,2001,0,0,0,0,0,0.973,0,0.56,0,0,0,0,0,0,0,0.68,0,0,0.08,4.067,0,0,0,0,0,0,0
Main_Hawaiian_Islands,Maui,Maalaea_6,2002,0,0,0,0,0,0.727,0,1.495,0,0,0,0,0,0,0,0.476,0,0,0,3.218,0,0,0,0,0,0,0
Main_Hawaiian_Islands,Maui,Maalaea_6,2004,0,0,0,0,0,1.309,0,1.352,0,0,0,0,0,0,0,0.298,0,0,0,2.357,0,0,0,0,0,0,0
Main_Hawaiian_Islands,Maui,Maalaea_6,2005,0,0,0,0,0,0.36,0,0.24,0,0,0,0,0,0,0,0.36,0,0,0,3.56,0,0,0,0,0,0,0
Main_Hawaiian_Islands,Maui,Maalaea_6,2006,0,0,0,0,0,0.08,0,0.44,0,0,0,0,0,0,0.12,0.12,0,0,0,2.76,0,0,0,0,0,0,0
Main_Hawaiian_Islands,Maui,Maalaea_6,2007,0,0,0,0,0,0.08,0,0.196,0,0,0,0,0,0,0,0.394,0,0,0,2.962,0,0,0,0,0,0,0
Main_Hawaiian_Islands,Maui,Maalaea_6,2008,0,0,0,0,0,0.04,0,0.036,0,0,0,0.036,0,0,0,1.498,0,0,0,10.316,0,0,0,0,0,0,0
Main_Hawaiian_Islands,Maui,Maalaea_6,2009,0,0,0,0,0,0,0,0,0,0,0,0,0,0,0,0.545,0,0,0,2.55,0,0,0,0,0,0,0
Main_Hawaiian_Islands,Maui,Maalaea_6,2010,0,0,0,0,0,0,0,0.189,0,0,0,0,0,0,0,0.218,0,0,0,3.051,0,0,0,0,0,0,0
Main_Hawaiian_Islands,Maui,Maalaea_6,2011,0,0,0,0,0,0,0,0,0,0,0,0,0,0,0,0.476,0,0,0.28,2.546,0,0,0,0,0,0,0
Main_Hawaiian_Islands,Maui,Maalaea_6,2012,0,0,0,0,0,0,0,0.04,0,0,0,0,0,0,0,0.529,0,0,0.04,3.058,0,0,0,0,0,0,0
Main_Hawaiian_Islands,Maui,Maalaea_6,2013,0,0,0,0,0,0,0,0.16,0,0,0,0,0,0,0,0.569,0,0,0,4.671,0,0,0,0,0,0,0
Main_Hawaiian_Islands,Maui,Maalaea_6,2014,0,0,0,0,0,0,0,0.084,0,0,0,0,0,0,0,0.442,0,0,0.293,2.154,0,0,0,0,0,0,0
Main_Hawaiian_Islands,Maui,Molokini_13,2000,0,0,0,0,0,43.746,0,32.944,0,0,0,1.366,0,0,0,0.888,0,0,5.4,4.5,0,0,0,0,0,0,0.144
Main_Hawaiian_Islands,Maui,Molokini_13,2001,0,0,0,0,0,38.279,0,30.546,0,0,0,0.733,0,0,0,0.599,0,0,1.439,5.627,0.053,0,0,0,0,0,0
Main_Hawaiian_Islands,Maui,Molokini_13,2002,0,0,0,0,0,42.48,0.026,34.801,0,0,0,1.533,0,0,0,0.946,0,0,0.826,3.253,0.133,0,0,0,0,0,0
Main_Hawaiian_Islands,Maui,Molokini_13,2003,0,0,0,0,0,51.447,0,34.311,0,0,0,2.146,0,0,0,0.887,0,0,1.349,2.9,0.318,0,0,0,0,0,0
Main_Hawaiian_Islands,Maui,Molokini_13,2004,0,0,0,0,0,49.412,0.1,29.309,0,0,0,1.693,0,0,0,1.294,0,0,0.073,3.12,0,0,0,0,0,0,0
Main_Hawaiian_Islands,Maui,Molokini_13,2005,0,0,0,0,0,56.31111111,0,23.06666667,0,0,0,2.8,0,0,0,0.488888889,0,0,0.133333333,2.488888889,0,0,0.133333333,0,0,0,0
Main_Hawaiian_Islands,Maui,Molokini_13,2006,0.04,0,0,0,0,53.344,0,23.211,0,0,0,1.353,0,0,0,1.354,0,0,0,2.349,0,0,0,0,0,0,0.04
Main_Hawaiian_Islands,Maui,Molokini_13,2007,0,0,0,0,0,57.63,0,27.214,0,0,0,1.131,0,0,0,1.055,0,0,0.08,0.621,0,0,0,0,0,0,0
Main_Hawaiian_Islands,Maui,Molokini_13,2008,0,0,0,0,0,59.55,0.2,22.774,0,0,0,0.633,0,0,0,1.723,0,0,0.12,1.072,0,0,0,0,0,0,0
Main_Hawaiian_Islands,Maui,Molokini_13,2009,0,0,0,0,0,59.67,3.67,23.67,0,0,0,0,0,0,0,0.67,0,0,0,0,0,0,0,0,0,0,0
Main_Hawaiian_Islands,Maui,Molokini_13,2010,0,0,0,0,0,60.161,0,22.254,0,0,0,1.116,0,0,0,0.418,0,0,0.619,0.411,0,0,0,0,0,0,0
Main_Hawaiian_Islands,Maui,Molokini_13,2011,0,0,0,0,0,52.036,0,29.004,0,0,0,1.738,0,0,0,1.004,0,0,0.692,0.32,0,0,0,0,0,0,0
Main_Hawaiian_Islands,Maui,Molokini_13,2012,0,0,0,0,0,51.715,0,27.949,0,0,0,1.867,0,0,0,0.898,0,0,0.378,0.869,0,0,0,0,0,0,0
Main_Hawaiian_Islands,Maui,Molokini_13,2013,0,0,0,0,0,46.767,0,25.455,0,0,0,0.945,0,0,0,1.028,0,0,0.073,0.654,0,0,0,0,0,0,0
Main_Hawaiian_Islands,Maui,Molokini_13,2014,0,0,0,0,0,46.891,0,23.672,0,0,0,0.558,0,0.033,0,0.761,0,0,0.585,0.322,0,0,0,0,0,0,0
Main_Hawaiian_Islands,Maui,Molokini_8,2000,0,0,0,0,0,16.758,0.022,13.438,0.057,0,0,2.338,0,0,0,1.17,0,0,6.132,22.928,1.151,0,0,0,0,0,0
Main_Hawaiian_Islands,Maui,Molokini_8,2001,0,0,0,0,0,14.134,0.026,15.052,0,0,0,1.414,0,0,0,1.281,0,0,4.04,18.293,1.6,0,0,0,0,0,0.039
Main_Hawaiian_Islands,Maui,Molokini_8,2002,0,0.013,0,0,0,17.517,0,16.025,0,0,0,1.12,0,0,0,1.408,0,0,3.388,20.515,2.8,0,0,0,0,0,0.586
Main_Hawaiian_Islands,Maui,Molokini_8,2003,0,0,0,0,0,23.102,0.013,21.964,0,0,0,1.601,0,0,0,1.67,0,0,7.094,19.373,2.945,0,0,0,0,0,0
Main_Hawaiian_Islands,Maui,Molokini_8,2004,0,0,0,0,0,19.473,0,16.325,0,0,0,1.52,0.103,0,0,2.371,0,0,2.328,23.264,0.269,0,0,0,0,0,0
Main_Hawaiian_Islands,Maui,Molokini_8,2005,0,0,0,0,0.04,22.68,0,14.8,0,0,0,0.48,0,0,0,1.76,0,0,1.56,23,0,0,0,0,0,0,0
Main_Hawaiian_Islands,Maui,Molokini_8,2006,0,0,0,0,0,27.484,0,12.462,0,0,0,1.204,0.08,0.04,0,2.364,0,0,0.76,19.231,1.271,0,0,0,0,0,0.04
Main_Hawaiian_Islands,Maui,Molokini_8,2007,0,0,0,0,0,21.436,0.073,19.625,0,0,0,1.975,0,0,0,2.262,0,0,1.734,19.488,1.418,0,0,0,0,0,0.364
Main_Hawaiian_Islands,Maui,Molokini_8,2008,0,0,0,0,0,22.703,0.067,20.693,0.036,0,0,2.276,0,0,0,2.434,0,0.036,2.497,16.867,0,0,0,0,0,0,0
Main_Hawaiian_Islands,Maui,Molokini_8,2009,0,0,0,0,0,22.871,0.65,20.167,0.033,0,0,0.874,0,0,0,2.107,0,0,3.712,13.887,1.267,0,0.319,0,0,0,0
Main_Hawaiian_Islands,Maui,Molokini_8,2010,0,0,0,0,0,21.699,0,19.107,0,0,0,2.006,0,0,0,2.042,0.16,0,3.529,11.155,3.024,0,0.218,0,0,0,0
Main_Hawaiian_Islands,Maui,Molokini_8,2011,0,0,0,0,0,22.776,0,24.84,0,0,0,3.036,0,0.036,0,2.445,0,0,5.334,10.076,1.124,0,0,0,0,0,0
Main_Hawaiian_Islands,Maui,Molokini_8,2012,0,0,0,0,0,18.599,0.072,21.438,0,0,0,2.35,0,0,0,2.877,0,0,3.271,12.09,1.247,0,0,0,0,0,0
Main_Hawaiian_Islands,Maui,Molokini_8,2013,0,0,0,0,0,25.535,0.156,22.571,0,0,0,2.144,0,0,0,2.034,0,0,3.039,12.316,0.036,0,0,0,0,0,0
Main_Hawaiian_Islands,Maui,Molokini_8,2014,0,0,0,0,0,23.391,0,22.035,0,0,0,2.537,0,0,0,1.606,0,0,9.493,5.673,2.214,0,0,0,0,0,0
Main_Hawaiian_Islands,Maui,Olowalu_3,1999,0.011,0,0,0.063,0,6.514,0,2.515,0,1.684,0,0.551,0,0,0,0.754,0.067,0,4.037,6.067,0,0,0.552,0.105,0,0,0
Main_Hawaiian_Islands,Maui,Olowalu_3,2000,0.026,0,0,0.307,0,5.899,0,2.849,0,1.568,0,0.985,0.04,0,0,1.799,0.067,0.065,3.814,7.053,0,0,0.04,0.146,0,0,0
Main_Hawaiian_Islands,Maui,Olowalu_3,2001,0.013,0,0,0.053,0,6.387,0,2.999,0,1.481,0.013,0.465,0.026,0,0,1.268,0.067,0.027,3.414,5.094,0,0,0.16,0.04,0,0,0
Main_Hawaiian_Islands,Maui,Olowalu_3,2002,0.049,0,0,0.147,0,8.076,0,1.838,0,1.691,0,0.56,0.011,0,0,1.792,0.063,0.203,3.626,4.817,0,0,0.113,0.184,0,0,0
Main_Hawaiian_Islands,Maui,Olowalu_3,2003,0,0,0,0,0,4.961,0,1.839,0,0.613,0,0.213,0,0,0.107,1.228,0,0,2.214,5.094,0,0,0.027,0,0,0,0
Main_Hawaiian_Islands,Maui,Olowalu_3,2004,0,0,0,0,0,7.52,0,2.6,0,0,0,0.28,0,0,0,0.44,0,0,0.2,9.52,0,0,0.08,0,0,0,0
Main_Hawaiian_Islands,Maui,Olowalu_3,2005,0,0,0,0,0,4.36,0,2.12,0,0.4,0,0.32,0,0,0.04,0.6,0,0,0,8.8,0,0,0,0,0,0,0
Main_Hawaiian_Islands,Maui,Olowalu_3,2006,0,0,0,0,0,6.32,0,2.76,0,0.84,0,0.2,0,0,0,0.88,0,0,0,7.64,0,0,0.08,0,0,0,0
Main_Hawaiian_Islands,Maui,Olowalu_3,2007,0,0,0,0,0,5.462,0,2.64,0,1,0,0.291,0.04,0,0,0.524,0,0,0,9.291,0,0,0.436,0,0,0,0
Main_Hawaiian_Islands,Maui,Olowalu_3,2008,0,0,0,0,0,4.051,0.04,3.268,0,0.389,0,0.722,0,0,0,0.479,0.036,0,3.61,8.702,0,0,0.36,0,0,0,0
Main_Hawaiian_Islands,Maui,Olowalu_3,2009,0.036,0,0,0,0,4.281,0.089,1.76,0,1.178,0,0.282,0.08,0,0,1.124,0,0,3.215,5.826,0.327,0,0.52,0,0,0,0
Main_Hawaiian_Islands,Maui,Olowalu_3,2010,0,0,0,0.036,0,3.793,0,1.57,0,0.757,0,0.27,0,0,0,1.161,0.036,0,3.832,6.622,0,0,0.092,0,0,0,0
Main_Hawaiian_Islands,Maui,Olowalu_3,2011,0,0,0,0,0,5.103,0,1.684,0,0.449,0,0.133,0,0,0,0.565,0,0,3.16,7.673,0,0,0.167,0,0,0,0
Main_Hawaiian_Islands,Maui,Olowalu_3,2012,0,0,0,0,0,4.128,0,1.648,0,0.489,0,0.313,0,0,0,1.33,0.036,0,3.067,4.367,1.2,0,0.76,0,0,0,0
Main_Hawaiian_Islands,Maui,Olowalu_3,2013,0,0,0,0,0,3.459,0,1.69,0,0.702,0,0.196,0,0,0,0.892,0,0,2.811,6.725,0.04,0,0.582,0,0,0,0
Main_Hawaiian_Islands,Maui,Olowalu_3,2014,0,0,0,0.04,0,3.03,0,1.306,0,0.629,0,0.113,0,0,0,1.065,0,0,1.752,6.018,0.56,0.036,0.509,0,0,0,0
Main_Hawaiian_Islands,Maui,Olowalu_7,1999,0.011,0,0,0,0,21.047,0,15.127,0,0.355,0,0.031,0.01,0,0,1.696,0,0.012,1.607,15.504,0,0,0,0,0,0,0.011
Main_Hawaiian_Islands,Maui,Olowalu_7,2000,0.051,0,0,0,0,20.35,0,15.459,0,0.336,0,0.351,0,0,0,1.669,0,0.072,1.273,14.429,0,0,0,0,0,0,0
Main_Hawaiian_Islands,Maui,Olowalu_7,2001,0,0,0,0,0.013,17.521,0,16.481,0,0.093,0,0.094,0,0,0,1.4,0,0.013,1.918,15.052,0,0,0,0,0,0,0
Main_Hawaiian_Islands,Maui,Olowalu_7,2002,0,0,0,0,0,19.506,0,14.1,0,0.128,0.013,0.238,0,0,0,1.456,0,0.063,1.228,14.171,0,0,0,0.04,0,0,0
Main_Hawaiian_Islands,Maui,Olowalu_7,2003,0,0,0,0,0,22.08,0,12.587,0,0.107,0,0.08,0,0.08,0,1.387,0,0,0.266,14.372,0,0,0.08,0,0,0,0
Main_Hawaiian_Islands,Maui,Olowalu_7,2004,0,0,0,0,0,19.589,0.16,12.738,0,0.076,0,0,0,0,0,1.011,0,0,0,18.206,0,0,0,0,0,0,0
Main_Hawaiian_Islands,Maui,Olowalu_7,2005,0,0,0,0,0,21.929,0,13.28,0,0,0,0.12,0,0,0.2,1.484,0,0,0.12,14.289,0,0,0,0,0,0,0
Main_Hawaiian_Islands,Maui,Olowalu_7,2006,0,0,0,0,0,22.96,0.08,12.68,0,0.32,0,0.04,0,0,0.04,1.4,0,0,0,15.76,0,0,0.6,0,0,0,0
Main_Hawaiian_Islands,Maui,Olowalu_7,2007,0,0,0,0,0,23.24,0,14.76,0,0.2,0,0,0.08,0,0,0.32,0,0,0,16.36,0,0,0,0,0,0,0
Main_Hawaiian_Islands,Maui,Olowalu_7,2008,0,0,0,0,0,23.158,0,17.06,0,0,0,0,0,0,0,1.242,0,0,0.209,14.044,0,0,0.133,0,0,0,0
Main_Hawaiian_Islands,Maui,Olowalu_7,2009,0,0,0,0,0,20.154,1.466,15.011,0,0.145,0,0.16,0.044,0,0,0.893,0,0,1.482,12.313,0.271,0,0,0,0,0,0
Main_Hawaiian_Islands,Maui,Olowalu_7,2010,0,0,0,0,0,22.658,0,18.758,0,0.182,0,0.066,0.036,0,0,0.578,0,0,1.797,11.786,2,0,0,0,0,0,0
Main_Hawaiian_Islands,Maui,Olowalu_7,2011,0,0,0,0,0,18.594,0,16.122,0,0.12,0,0.133,0,0,0,1.122,0,0,0.451,16.413,0,0,0,0,0,0,0
Main_Hawaiian_Islands,Maui,Olowalu_7,2012,0.036,0,0,0,0,17.097,0,12.618,0,0.2,0,0,0,0,0,1.251,0,0,1.266,15.394,0,0,0,0,0,0,0
Main_Hawaiian_Islands,Maui,Olowalu_7,2013,0.036,0,0,0,0,14.802,0.145,12.779,0,0.143,0,0.04,0,0,0,1.857,0,0,0.933,13.61,0,0,0,0,0,0,0
Main_Hawaiian_Islands,Maui,Olowalu_7,2014,0,0,0,0,0,16.907,0,13.112,0,0.173,0,0,0,0,0,2.023,0,0,0.533,14.995,0,0,0,0.327,0,0,0
Main_Hawaiian_Islands,Maui,Puamana_13,1999,0,0,0,0,0,0.09,0,0.083,0,0,0,0.008,0.01,0,0,0.33,0,0,0.428,1.576,0.01,0,0,0,0,0,0
Main_Hawaiian_Islands,Maui,Puamana_13,2000,0,0,0,0,0,0.239,0,0.026,0,0,0,0.013,0,0,0,0.519,0,0,0.88,1.44,0,0,0,0,0,0,0
Main_Hawaiian_Islands,Maui,Puamana_13,2001,0,0,0,0.03,0,0.174,0,0.147,0,0,0,0.02,0,0,0,0.728,0,0,1.119,2.266,0.018,0,0,0,0,0,0
Main_Hawaiian_Islands,Maui,Puamana_13,2002,0,0,0,0,0,0.527,0,0.344,0,0,0,0.032,0,0,0,1.091,0,0.013,0.855,3.048,0.208,0,0,0,0,0,0
Main_Hawaiian_Islands,Maui,Puamana_13,2003,0,0,0,0,0,0.107,0,0,0,0,0,0,0,0.16,0.134,0.773,0,0,0,3.466,0,0,0,0,0,0,0
Main_Hawaiian_Islands,Maui,Puamana_13,2004,0,0,0,0,0,0.189,0,0,0,0,0,0,0.04,0.12,0,0.589,0,0,0,5.236,0,0,0,0,0,0,0
Main_Hawaiian_Islands,Maui,Puamana_13,2005,0,0,0,0,0,0,0,0,0,0,0,0,0,0,0,0.64,0,0.04,0,2.92,0,0,0,0,0,0,0
Main_Hawaiian_Islands,Maui,Puamana_13,2006,0,0,0,0,0,0,0,0,0,0,0,0,0,0,0.08,0.64,0,0,0,4.24,0,0,0,0,0,0,0
Main_Hawaiian_Islands,Maui,Puamana_13,2007,0,0,0,0,0,0,0,0,0,0,0,0.036,0,0,0,0.37,0,0,0.109,4.246,0,0,0,0,0,0,0
Main_Hawaiian_Islands,Maui,Puamana_13,2008,0,0,0,0,0,0,0,0,0,0,0,0,0,0,0,0.429,0,0,0,2.462,0.996,0,0,0,0,0,0
Main_Hawaiian_Islands,Maui,Puamana_13,2009,0,0,0,0,0,0.076,0,0.036,0,0,0,0,0,0,0,0.851,0,0,0.363,2.879,0,0,0,0,0,0,0
Main_Hawaiian_Islands,Maui,Puamana_13,2010,0,0,0,0,0,0.217,0,0,0,0,0,0,0,0,0,1.455,0.073,0,0.509,2.796,0,0,0,0,0,0,0
Main_Hawaiian_Islands,Maui,Puamana_13,2011,0,0,0,0.04,0,0.04,0,0,0,0,0,0,0,0,0,0.724,0,0,0.693,3.165,0.04,0,0,0,0,0,0
Main_Hawaiian_Islands,Maui,Puamana_13,2012,0,0,0,0,0,0.073,0,0.116,0,0,0,0,0,0,0,1.516,0,0,0.414,3.403,0.116,0,0,0,0,0,0
Main_Hawaiian_Islands,Maui,Puamana_13,2013,0,0,0,0,0,0,0,0.036,0,0,0,0.036,0,0,0,1.01,0,0,2.023,1.189,0,0,0,0,0,0,0
Main_Hawaiian_Islands,Maui,Puamana_13,2014,0,0,0,0,0,0,0,0.08,0,0,0,0,0,0.073,0,0.81,0,0,0.196,4.662,0,0,0,0,0,0,0
Main_Hawaiian_Islands,Maui,Puamana_3,1999,0,0,0,0.135,0,0.237,0,0.597,0,0,0,0,0,0,0,8.572,0,0,0.21,5.114,0.037,0,0,0,0,0,0.022
Main_Hawaiian_Islands,Maui,Puamana_3,2000,0,0,0,0.132,0,0.68,0,0.992,0,0.08,0,0.17,0.027,0.423,0,8.331,0.013,0,0.453,6.426,0,0,0,0,0,0,0
Main_Hawaiian_Islands,Maui,Puamana_3,2001,0.01,0,0,0.214,0,0.971,0.011,1.092,0,0.02,0,0.236,0.01,0.089,0,6.011,0.011,0.019,0.128,7.159,0.048,0,0,0,0,0,0
Main_Hawaiian_Islands,Maui,Puamana_3,2002,0,0,0,0.105,0,0.941,0,1.088,0,0.129,0,0.081,0,0.088,0,4.966,0,0.025,0.146,5.83,0.025,0,0,0,0,0,0
Main_Hawaiian_Islands,Maui,Puamana_3,2003,0,0.027,0,0.24,0,0.214,0,0,0,0,0,0.08,0.027,0.24,0.213,2.481,0,0,0,6.107,0,0,0,0,0,0,0
Main_Hawaiian_Islands,Maui,Puamana_3,2004,0,0.109,0,0,0,0.156,0,0.08,0,0,0,0,0.2,0.04,0.2,1.738,0,0,0,6.774,0,0,0,0,0,0,0
Main_Hawaiian_Islands,Maui,Puamana_3,2006,0,0,0,0.089,0,0.04,0,0.089,0,0.04,0,0,0.04,0,0,2.289,0,0,0,7.569,0,0,0,0,0,0,0
Main_Hawaiian_Islands,Maui,Puamana_3,2008,0,0,0,0,0,0.556,0,0,0,0,0,0,0,0,0,2.962,0,0,0,11.887,0.044,0,0,0,0,0,0
Main_Hawaiian_Islands,Maui,Puamana_3,2009,0,0,0,0,0,0.258,0,0.218,0,0,0,0.145,0,0,0,2.877,0,0,0,9.21,0.116,0,0,0,0,0,0
Main_Hawaiian_Islands,Maui,Puamana_3,2010,0,0.036,0,0.218,0,0.105,0,0.254,0,0,0,0,0,0,0,2.069,0,0,0.285,9.023,0,0,0,0,0,0,0
Main_Hawaiian_Islands,Maui,Puamana_3,2011,0,0,0,0,0,0.257,0,0.371,0,0,0,0,0,0,0,3.608,0,0,0.218,12.59,0.062,0,0,0,0,0,0.398
Main_Hawaiian_Islands,Maui,Puamana_3,2012,0,0,0,0.12,0,0.036,0,0.185,0,0,0,0.12,0,0,0,2.638,0,0.08,0.447,10.852,0.225,0,0,0,0,0,0
Main_Hawaiian_Islands,Maui,Puamana_3,2013,0,0,0,0,0,0.036,0,0.156,0,0,0,0,0,0,0,0.887,0,0,0.16,9.25,0,0,0,0,0,0,0
Main_Hawaiian_Islands,Maui,Puamana_3,2014,0,0,0,0,0,0,0,0.04,0,0,0,0,0,0,0,1.035,0,0,0.033,9.11,0.142,0,0,0,0,0,0
Main_Hawaiian_Islands,Molokai,Kamalo_10,2000,0,0,0,0,0,25.204,0.138,24.305,0,0,0,0.038,0,0,0,0.147,0.017,0,25.151,0.218,0,0,0,0,0,0,0
Main_Hawaiian_Islands,Molokai,Kamalo_10,2001,0,0,0,0,0,18.093,0.227,28.893,0,0,0.013,0.24,0,0,0,0.066,0,0,18.055,0.173,0,0,0,0,0,0,0.294
Main_Hawaiian_Islands,Molokai,Kamalo_10,2002,0,0,0,0,0,22.081,0.133,23.759,0,0,0,0.186,0.107,0,0,0.133,0,0,12.588,0.107,0,0,0,0,0,0,0.159
Main_Hawaiian_Islands,Molokai,Kamalo_10,2003,0,0,0,0,0,21.18,0.088,29.873,0,0,0,0.138,0,0,0,0.147,0,0,9.958,0.141,0,0,0,0,0,0,0
Main_Hawaiian_Islands,Molokai,Kamalo_10,2004,0,0,0,0,0,25.325,0.189,29.639,0,0,0,0.541,0,0,0,0.231,0,0.011,6.095,0,0,0,0,0,0,0,0
Main_Hawaiian_Islands,Molokai,Kamalo_10,2005,0,0,0,0,0,27.487,0.08,33.803,0,0,0,0.379,0,0,0,0.244,0,0,4.792,0.2,0,0,0,0,0,0,0
Main_Hawaiian_Islands,Molokai,Kamalo_10,2007,0,0,0,0,0,26.698,0.174,35.735,0,0,0,0.23,0,0,0,0.5,0,0,5.474,0.173,0,0,0,0,0,0,0
Main_Hawaiian_Islands,Molokai,Kamalo_10,2010,0,0,0,0,0,22.399,0.255,34.946,0,0,0,0.181,0,0,0,0.399,0,0,4,0.036,0,0,0,0,0,0,0
Main_Hawaiian_Islands,Molokai,Kamalo_10,2012,0,0,0,0,0,22.858,0.214,30.923,0,0,0,0.361,0,0,0,0.362,0,0.036,4.433,0.036,0,0,0,0,0,0,0
Main_Hawaiian_Islands,Molokai,Kamalo_3,2000,0,0,0,0,0,59.46,0.822,9.167,0,0,0,0.012,0.095,0.16,0,0.625,0.05,0,1,3.036,0,0,0,0,0,0,0.167
Main_Hawaiian_Islands,Molokai,Kamalo_3,2001,0,0,0,0,0,35.614,0.84,12.693,0,0,0,0.107,0.027,0,0,0.773,0,0,0,2.266,0,0,0,0,0,0,0.093
Main_Hawaiian_Islands,Molokai,Kamalo_3,2002,0,0,0,0,0,39.414,0.56,12.013,0,0.04,0.027,0.187,0,0,0,0.507,0,0,0.027,2.634,0,0,0,0,0,0,0.271
Main_Hawaiian_Islands,Molokai,Kamalo_3,2003,0,0,0,0,0,42.558,0.269,12.504,0,0,0,0.24,0,0,0,0.4,0,0,0,2.184,0,0,0,0,0,0,0
Main_Hawaiian_Islands,Molokai,Kamalo_3,2004,0,0,0,0,0,41.244,1.481,14.724,0.075,0.01,0,0.4,0,0,0,0.755,0,0,0.04,3.281,0,0,0,0,0,0,0
Main_Hawaiian_Islands,Molokai,Kamalo_3,2005,0,0,0,0,0,49.966,0.453,13.225,0,0,0,0.247,0,0,0,0.688,0,0,0.021,2.754,0,0,0,0,0,0,0
Main_Hawaiian_Islands,Molokai,Kamalo_3,2007,0,0,0,0,0,49.427,1.265,11.958,0,0,0,0.331,0,0,0,0.746,0,0,0.063,2.343,0.586,0,0,0,0,0,0
Main_Hawaiian_Islands,Molokai,Kamalo_3,2010,0,0,0,0,0,33.64,1.495,14.196,0,0,0,0.108,0,0,0,0.563,0,0,0.072,3.981,0,0,0,0,0,0,0
Main_Hawaiian_Islands,Molokai,Kamalo_3,2012,0,0,0,0,0,26.45,2.914,16.735,0,0.036,0,0.113,0.036,0,0,0.439,0,0.036,0,3.699,0,0,0,0,0,0,0
Main_Hawaiian_Islands,Molokai,Kamiloloa_10,2000,0,0,0,0,0,0.245,0,0.111,0,0,0,0,0,0.05,0,0.076,0.055,0,0,0.278,0,0,0,0,0,0,0.04
Main_Hawaiian_Islands,Molokai,Kamiloloa_10,2001,0,0,0,0,0,1.611,0,0.371,0,0,0,0,0,0,0,0.142,0,0,0,0.52,0,0,0,0,0,0,0.07
Main_Hawaiian_Islands,Molokai,Kamiloloa_10,2002,0,0,0,0,0,1.628,0.013,0.507,0,0,0,0,0,0.12,0,0.013,0,0,0.053,0.334,0,0,0,0,0,0,0
Main_Hawaiian_Islands,Molokai,Kamiloloa_10,2003,0,0,0,0,0,5.252222222,0,0.823333333,0,0,0,0,0,0,0,0.332222222,0,0,0.014444444,0.588888889,0,0,0,0,0,0,0
Main_Hawaiian_Islands,Molokai,Kamiloloa_10,2004,0,0,0,0.03,0,3.967,0,1.54,0,0,0,0,0.01,0.18,0,0.455,0,0,0.04,0.301,0,0,0,0,0,0,0
Main_Hawaiian_Islands,Molokai,Kamiloloa_10,2007,0,0,0,0.04,0,5.188,0,1.6,0,0,0,0,0,0,0,0.196,0,0,0,0.417,0,0,0,0,0,0,0
Main_Hawaiian_Islands,Molokai,Kamiloloa_10,2010,0,0,0,0,0,4.91,0,2.364,0,0,0,0,0,0,0,0.473,0,0,0.073,0.8,0,0,0,0,0,0,0
Main_Hawaiian_Islands,Molokai,Kamiloloa_10,2012,0,0,0,0,0,5.836,0,2.601,0,0,0,0,0.072,0,0,0.897,0,0,0.036,0.581,0,0,0,0,0,0,0
Main_Hawaiian_Islands,Molokai,Kamiloloa_3,2000,0,0,0,0.013,0,0,0,0,0,0,0,0,0.051,0,0,3.463,0.025,0,0,0.085,0,0,0,0,0,0,0.013
Main_Hawaiian_Islands,Molokai,Kamiloloa_3,2001,0,0,0,0,0,0.037,0,0,0,0,0,0,0.024,0,0,4.042,0,0,0,0.038,0,0,0,0,0,0,0.077
Main_Hawaiian_Islands,Molokai,Kamiloloa_3,2002,0,0,0,0,0,0,0,0.013,0,0,0,0,0,0.293,0,2.014,0,0,0,0,0,0,0,0,0,0,0
Main_Hawaiian_Islands,Molokai,Kamiloloa_3,2003,0,0,0,0,0,0.053,0,0.184,0,0,0,0,0,0,0,2.797,0,0,0,0.026,0,0,0,0,0,0,0
Main_Hawaiian_Islands,Molokai,Kamiloloa_3,2004,0,0,0,0.019,0,0.137,0,0.331,0,0,0,0,0.032,0,0.041,1.762,0,0,0.011,0.206,0,0,0,0,0,0,0
Main_Hawaiian_Islands,Molokai,Kamiloloa_3,2007,0,0,0,0,0,0.144,0,0.243,0,0,0,0,0.038,0,0,1.803,0,0,0,0.328,0,0,0,0,0,0,0
Main_Hawaiian_Islands,Molokai,Kamiloloa_3,2010,0,0,0,0,0,0.108,0,0.156,0,0,0,0,0.036,0,0,0.861,0,0,0,0.072,0,0,0,0,0,0,0
Main_Hawaiian_Islands,Molokai,Kamiloloa_3,2012,0,0,0,0,0,0.04,0,0.553,0,0,0,0,0.04,0,0,0.931,0,0,0,0.036,0,0,0,0,0,0,0
Main_Hawaiian_Islands,Molokai,Palaau_10,2000,0,0,0,0,0,32.658,0.021,12.861,0,0,0.01,0,0,0.084,0,0.585,0,0,24.675,1.454,0,0,0,0,0,0,0.079
Main_Hawaiian_Islands,Molokai,Palaau_10,2001,0,0,0,0,0,25.489,0.047,13.492,0,0,0.106,0.012,0,0,0,0.586,0,0,24.61,0.134,0,0,0,0,0,0,0.154
Main_Hawaiian_Islands,Molokai,Palaau_10,2002,0,0,0,0,0,43.706,0,0.24,0,0,0,0.067,0,0,0,0.306,0,0,27.652,0.36,0,0,0,0,0,0,0.027
Main_Hawaiian_Islands,Molokai,Palaau_10,2003,0,0,0,0,0,33.896,0,16.645,0,0,0,0,0,0,0,0.198,0,0,20.83,0.32,0,0,0,0,0,0,0
Main_Hawaiian_Islands,Molokai,Palaau_10,2004,0,0,0,0,0,28.236,0.13,15.73,0,0,0,0.08,0,0,0,0.503,0,0,14.758,0.103,0,0,0,0,0,0,0
Main_Hawaiian_Islands,Molokai,Palaau_10,2005,0.011,0,0,0,0,30.981,0,12.788,0,0.021,0,0.055,0,0,0,0.349,0,0,15.061,0.205,0,0,0,0,0,0,0
Main_Hawaiian_Islands,Molokai,Palaau_10,2007,0,0,0,0,0,30.176,0,17.067,0,0,0,0.16,0.019,0,0,0.384,0,0.02,11.555,0,0,0,0,0,0,0,0
Main_Hawaiian_Islands,Molokai,Palaau_10,2010,0,0,0,0,0,28.4,0,24.291,0,0,0,0.181,0,0,0,0.581,0,0,13.347,0.036,0,0,0,0,0,0,0
Main_Hawaiian_Islands,Molokai,Palaau_10,2012,0,0,0,0,0,25.927,0.073,22.8,0,0,0,0.254,0.036,0,0,1.164,0,0,13.711,0.218,0,0,0,0,0,0,0
Main_Hawaiian_Islands,Molokai,Palaau_3,2000,0,0,0,0.013,0,6.516,0,3.026,0,0,0,0,0.038,0.205,0,1.453,0,0,5.293,13.027,0,0,0,0,0,0,0.066
Main_Hawaiian_Islands,Molokai,Palaau_3,2001,0,0,0,0.033,0,5.885,0,2.718,0,0,0,0.024,0.012,0.038,0,1.599,0,0,2.85,13.472,0,0,0,0,0,0,0.013
Main_Hawaiian_Islands,Molokai,Palaau_3,2002,0,0,0,0,0,6.208,0.013,2.807,0,0.239,0,0.027,0.013,0.067,0,2.062,0,0,1.714,15.614,0,0,0,0,0,0,0.253
Main_Hawaiian_Islands,Molokai,Palaau_3,2003,0,0,0,0,0,5.283,0,4.783,0,0.089,0,0.042,0,0,0,2.247,0,0,3.261,10.727,0,0,0,0,0,0,0
Main_Hawaiian_Islands,Molokai,Palaau_3,2004,0.071,0,0,0,0,7.322,0,2.81,0,0.294,0,0.648,0.011,0,0.063,1.895,0,0,2.612,12.294,0,0,0,0,0,0,0
Main_Hawaiian_Islands,Molokai,Palaau_3,2005,0.106,0,0,0,0,5.96,0.084,3.468,0,0.659,0,0.426,0,0,0,1.999,0,0.032,2.984,11.122,0,0,0,0,0,0,0
Main_Hawaiian_Islands,Molokai,Palaau_3,2007,0.22,0,0,0,0,7.235,0,4.498,0,1.198,0,1.054,0,0,0,2.802,0,0,4.079,11.311,0,0,0,0,0.038,0,0.018
Main_Hawaiian_Islands,Molokai,Palaau_3,2010,0,0,0,0,0,4.781,0,6.335,0,0.86,0,0.516,0,0,0,2.169,0,0,3.458,11.615,0,0,0,0,0,0,0
Main_Hawaiian_Islands,Molokai,Palaau_3,2012,0.217,0,0,0,0,6.181,0,6.254,0,1.127,0,1.273,0,0,0,1.999,0,0.036,2.181,11.853,0,0,0,0,0,0,0
Main_Hawaiian_Islands,Oahu,Heeia_2,1999,0,0,0,0,0,1.769,0,0,0,0,0,0.053,0.06,0,0,0,0,0,34.457,0,0,0,0,0,0,0,0
Main_Hawaiian_Islands,Oahu,Heeia_2,2000,0,0,0,0,0,1.186,0,0,0,0,0,0.057,0,0,0,0,0,0,21.476,0,0,0,0,0,0,0,0.014
Main_Hawaiian_Islands,Oahu,Heeia_2,2001,0,0,0,0,0,2.4,0,0,0,0,0,0,0,0,0,0,0,0,15.613,0,0,0,0,0,0,0,0
Main_Hawaiian_Islands,Oahu,Heeia_2,2002,0,0,0,0,0,1.346,0,0,0,0,0,0,0.013,0,0,0,0,0,22.867,0,0,0,0,0,0,0,0
Main_Hawaiian_Islands,Oahu,Heeia_2,2003,0,0,0,0,0,3.726,0,0,0,0,0,0.17,0,0,0,0,0,0,18.107,0,0,0,0,0,0,0,0
Main_Hawaiian_Islands,Oahu,Heeia_2,2012,0,0,0,0,0,20.014,0,0,0,0,0,0,0.04,0,0,0,0,0,55.578,0,0,0,0,0,0,0,0
Main_Hawaiian_Islands,Oahu,Heeia_8,1999,0,0,0,0,0,2.574,0,0,0,0,0,0.067,0.219,0,0,0,0,0,4.896,0,0,0,0,0,0,0,0
Main_Hawaiian_Islands,Oahu,Heeia_8,2000,0,0,0,0,0,2.926,0,0,0,0,0,0,0.014,0,0,0,0,0,4.297,0,0,0,0,0,0,0,0.224
Main_Hawaiian_Islands,Oahu,Heeia_8,2001,0,0,0,0,0,2.981,0,0,0,0,0,0,0.026,0,0,0,0,0,4.016,0,0,0,0,0,0,0,0
Main_Hawaiian_Islands,Oahu,Heeia_8,2002,0,0,0,0,0,2.977,0,0,0,0,0,0,0,0,0,0,0,0,1.669,0,0,0,0,0,0,0,0
Main_Hawaiian_Islands,Oahu,Heeia_8,2003,0,0,0,0,0,4.138,0,0,0,0,0,0,0,0,0,0,0,0,2.845,0,0,0,0,0,0,0,0
Main_Hawaiian_Islands,Oahu,Heeia_8,2012,0,0,0,0,0,6.692,0,0,0,0,0,0,0,0,0,0,0,0,2.533,0,0,0,0,0,0,0,0
Main_Hawaiian_Islands,Oahu,Kaalaea_2,2003,0,0.185,0,0,0,1.578,0,0,0,0,0,0,0.098,0,0,0,0,0,56.819,0,0,0,0,0,0,0,0
Main_Hawaiian_Islands,Oahu,Kaalaea_2,2005,0,0.147,0,0,0,2.04,0,0,0,0,0,0,0.01,0,0,0.01,0,0,55.312,0,0,0,0,0,0,0,0
Main_Hawaiian_Islands,Oahu,Kaalaea_2,2012,0,0.295,0,0,0,11.111,0,0,0,0,0,0,0.335,0,0,0,0,0,33.748,0.24,0,0,0,0,0,0,0
Main_Hawaiian_Islands,Oahu,Kaalaea_8,2003,0,0,0,0,0,1.997,0,0,0,0,0,0,0,0,0,0,0,0,1.078,0,0,0,0,0,0,0,0
Main_Hawaiian_Islands,Oahu,Kaalaea_8,2012,0,0,0,0,0,7.498,0,0,0,0,0,0,0.089,0,0,0,0,0,4.009,0,0,0,0,0,0,0,0
Main_Hawaiian_Islands,Oahu,Kahe_Point_3,1999,0,0,0,0.091,0,0.019,0,0.736,0,0,0,0,0,0,0,5.732,0,0,0,4.683,0.312,0,0,0,0,0,0.297
Main_Hawaiian_Islands,Oahu,Kahe_Point_3,2001,0,0,0,0.2,0,0.6825,0,0.8,0.03375,0,0,0,0,0,0,7.86625,0,0,0,5.39875,0,0,0,0,0,0,0
Main_Hawaiian_Islands,Oahu,Kahe_Point_3,2002,0,0,0,0.137,0,0.5,0.131,1.256,0,0,0,0,0,0,0,7.675,0,0,0.053,5.29,0.013,0,0,0,0,0,0
Main_Hawaiian_Islands,Oahu,Kahe_Point_3,2010,0,0,0,0.106,0,1.321,0,0.791,0,0,0,0,0,0,0,3.057,0,0,0,6.759,0,0,0,0,0,0,0
Main_Hawaiian_Islands,Oahu,Kahe_Point_3,2012,0,0,0,0.031,0,1.533,0,0.651,0,0,0,0.053,0,0,0,3.828,0,0,0.608,5.243,0.306,0,0,0,0,0,0
Main_Hawaiian_Islands,Oahu,Moku_o_Loe_2,1999,0,0,0,0,0,21.416,0,0,0,0,0,0,0,0,0,0,0,0,9.082,0,0,0,0,0,0,0,0
Main_Hawaiian_Islands,Oahu,Moku_o_Loe_2,2000,0,0,0,0,0,14.131,0,0,0,0,0,0,0,0,0,0,0,0,6.259,0,0,0,0,0,0,0,0
Main_Hawaiian_Islands,Oahu,Moku_o_Loe_2,2001,0,0,0,0,0,11.566,0,0,0,0,0,0,0.013,0,0,0,0,0,4.41,0,0,0,0,0,0,0,0
Main_Hawaiian_Islands,Oahu,Moku_o_Loe_2,2002,0,0,0,0,0,8.72,0,0,0,0,0,0,0.013,0,0,0.027,0,0,3.866,0,0,0,0,0,0,0,0
Main_Hawaiian_Islands,Oahu,Moku_o_Loe_2,2003,0,0.011,0,0,0,10.885,0,0,0,0,0,0,0.092,0,0,0,0,0,3.371,0,0,0,0,0,0,0,0
Main_Hawaiian_Islands,Oahu,Moku_o_Loe_2,2006,0,0.017,0,0,0,27.203,0,0.17,0,0,0,0,0.766,0,0,0.01,0,0,10.313,0.165,0,0,0,0,0,0,0
Main_Hawaiian_Islands,Oahu,Moku_o_Loe_2,2008,0,0,0,0,0,34.221,0,0.076,0,0,0,0,0.307,0,0,0,0,0,10.912,0,0,0,0,0,0,0,0
Main_Hawaiian_Islands,Oahu,Moku_o_Loe_2,2012,0,0,0,0,0,38.355,0,0,0,0,0,0,0.04,0,0,0,0,0,10.584,0.04,0,0,0,0,0,0,0
Main_Hawaiian_Islands,Oahu,Moku_o_Loe_9,1999,0,0,0,0,0,7.267,0,0.04,0,0,0,0,0.114,0,0,0,0,0,0.234,0,0,0,0,0,0,0,0
Main_Hawaiian_Islands,Oahu,Moku_o_Loe_9,2000,0,0,0,0,0,6.331,0,0,0,0,0,0,0,0,0,0,0,0,0.151,0,0,0,0,0,0,0,0.032
Main_Hawaiian_Islands,Oahu,Moku_o_Loe_9,2001,0,0,0,0,0,5.746,0,0,0,0,0,0,0,0,0,0,0,0,0.306,0,0,0,0,0,0,0,0
Main_Hawaiian_Islands,Oahu,Moku_o_Loe_9,2002,0,0,0,0,0,3.974,0,0,0,0,0,0,0.013,0,0,0,0,0,0.106,0,0,0,0,0,0,0,0
Main_Hawaiian_Islands,Oahu,Moku_o_Loe_9,2003,0,0,0,0,0,8.528,0,0,0,0,0,0,0.142,0,0,0,0,0,0.019,0,0,0,0,0,0,0,0
Main_Hawaiian_Islands,Oahu,Moku_o_Loe_9,2006,0,0,0,0,0,8.389,0,0,0,0,0,0,0.099,0,0,0,0,0,0.244,0,0,0,0,0,0,0,0
Main_Hawaiian_Islands,Oahu,Moku_o_Loe_9,2008,0,0,0,0,0,7.806,0,0,0,0,0,0,0.091,0,0,0,0,0,0.111,0,0,0,0,0,0,0,0
Main_Hawaiian_Islands,Oahu,Moku_o_Loe_9,2012,0,0.073,0,0,0,11.848,0,0,0,0,0,0,0.109,0,0,0,0,0,0.149,0,0,0,0,0,0,0,0
Main_Hawaiian_Islands,Oahu,Pili_o_Kahe_3,1999,0.011,0,0,0.021,0,0.01,0.011,0.528,0,0.021,0,0.042,0,0,0,1.927,0,0,0.188,3.104,2.713,0,0,0,0,0,0.391
Main_Hawaiian_Islands,Oahu,Pili_o_Kahe_3,2001,0,0,0,0,0,0.215,0,0.777,0,0,0,0,0,0,0,1.842,0,0,0.163,6.992,0.027,0,0,0,0,0,0
Main_Hawaiian_Islands,Oahu,Pili_o_Kahe_3,2002,0,0,0,0,0,0.357,0.026,1.453,0,0,0,0,0,0,0,2.205,0,0,0.236,4.227,2.15,0,0,0,0,0,0
Main_Hawaiian_Islands,Oahu,Pili_o_Kahe_3,2010,0,0,0,0,0,0.233,0,0.373,0,0,0,0,0,0,0,0.22,0,0,0.109,3.444,1.175,0,0,0,0,0,0
Main_Hawaiian_Islands,Oahu,Pili_o_Kahe_3,2012,0,0,0,0,0,0.286,0,0.689,0,0,0,0.143,0,0,0,0.668,0,0,0.057,2.203,2.37,0,0,0,0,0,0
Main_Hawaiian_Islands,Oahu,Pupukea_4,1999,0,0,0,0,0,0.012,2.384,0.185,0,0.267,0,0,0,0,0,0.986,0,0,0,6.489,0,0,0,0,0,0,0
Main_Hawaiian_Islands,Oahu,Pupukea_4,2000,0,0,0,0,0,0.053,4.122,0.599,0.133,0.027,0,0.173,0,0,0,1.131,0,0,0,6.987,0,0,0,0,0,0,0
Main_Hawaiian_Islands,Oahu,Pupukea_4,2002,0,0,0,0,0,0.026,2.68,0.334,0,0.026,0,0.107,0,0,0,0.48,0.013,0,0,5.946,0,0,0,0,0,0,0
Main_Hawaiian_Islands,Oahu,Pupukea_4,2012,0,0,0,0.133,0,0.066,1.966,0.899,0,0.266,0,0.066,0,0,0,0.766,0,0,0,10.134,0.2,0,0,0,0,0,0
Main_Hawaiian_Islands,Oahu,Pupukea_8,1999,0,0,0,2.076,0,0.09,2.317,0.352,0,0.036,0,0,0,0,0,0.517,0,0,0,2.919,0,0,0,0,0,0,0
Main_Hawaiian_Islands,Oahu,Pupukea_8,2000,0.025,0,0,2.639,0,0,1.433,1.635,0.05,0.12,0,0.033,0,0,0,1.667,0,0,0,4.222,0,0,0,0,0,0,0
Main_Hawaiian_Islands,Oahu,Pupukea_8,2002,0,0,0,1.888888889,0,0.073333333,0.798888889,1.296666667,0,0.184444444,0,0.015555556,0,0,0,1.047777778,0,0,0.014444444,3.427777778,0,0,0,0,0,0,0
Main_Hawaiian_Islands,Oahu,Pupukea_8,2012,0,0,0,0.166,0,0.229,0.387,0.462,0,0.033,0,0,0,0,0,3.021,0,0,0.066,7.814,0.066,0,0,0,0,0,0
